<?xml version="1.0" encoding="UTF-8"?>
<Window size="1366,800" clip="true" Resizing="true" DragMoving="true" bkcolor="#666666" mininfo="800,60" roundcorner="2,2">
	<Font name="幼圆" size="20" bold="true"/>
	<Font name="微软雅黑" size="15" italic="true"/>
	<Font name="微软雅黑" size="15" />

	<String text="EasyPlayer-RTSP v3.0" font="1" color="#FFFFFF" pos="0,0,40,7,300,42" id="1"/>
	<String text="Version: 3.0.19.0515 Powered by EasyDarwin Team QQ交流群：544917793" font="2" color="#FFFFFF" pos="3,3,810,25,0,0" id="2"/>
	<String text="Log" font="3" color="#000000" pos="3,3,40,125,5,105" id="3"/>
	<String text="" font="3" color="#000000" pos="2,2,5,25,205,0" id="4"/>

	<Image path="Res\Skin\header.png" pos="0,3,0,0,0,0" id="1"/>
	<Image path="Res\EasyTeam\Easy_32.png" pos="0,0,4,2,36,34" id="2" />

	<Button pos="1,1,35,0,8,22" type="push" id="5000" normalimage="Res\Button\close_normal.png" hotimage="Res\Button\close_hover.png" pushedimage="Res\Button\close_pressed.png" focusedimage="Res\Button\close_normal.png" size="27,22" trans="true"/>
	<Button pos="1,1,62,0,35,22" type="push" id="5001" normalimage="Res\Button\min_normal.png" hotimage="Res\Button\min_hover.png" pushedimage="Res\Button\min_pressed.png" focusedimage="Res\Button\min_normal.png" size="27,22" trans="true"/>
	<Button pos="3,3,260,29,10,0" type="push" id="5045"  font="2" fontnormalcolor="#FFFFFF" fontselcolor="#FF00FF" trans="true" text="More Free Tool©EasyDarwin.org" url="http://www.easydarwin.org/"/>
	
	<!-- <Button pos="3,3,120,29,0,0" type="push" id="5046"  font="2" fontnormalcolor="#FFFFFF" fontselcolor="#FF00FF" trans="true" text="SDK On Github" url="https://github.com/EasyDSS/EasyPlayer-RTSP-Win"/> -->

	<!--
	<Edit id="5100" pos="2,3,5,100,5,30" defaulttext="">
		<bknormalimg value="Res\Edit\frameBorderEffect_normalDraw.png" ninepart="2,2,2,2"/>
		<bkhotimg value="Res\Edit\frameBorderEffect_mouseDownDraw.png" ninepart="2,2,2,2"/>
	</Edit>
	-->

	<MulitiEdit id="5100" text="" pos="2,3,5,100,5,30"  multiline="true" clientpos="3,3" scrollimage="Res\Scroll\SKIN_SCROLL.bmp"> 
		<bknormalimg value="Res\Edit\frameBorderEffect_normalDraw.png" ninepart="2,2,2,2"/>
		<bkhotimg value="Res\Edit\frameBorderEffect_mouseDownDraw.png" ninepart="2,2,2,2"/>
	</MulitiEdit>

</Window>	